artigoEmPeriodico	Roberto Marcondes Cesar Junior	2017	http://dx.doi.org/10.1016/j.cviu.2016.12.003	Exploring structure for long-term tracking of multiple objects in sports videos	COMPUTER VISION AND IMAGE UNDERSTANDING	MORIMITSU, H. ; BLOCH, Isabelle ; Cesar Jr, Roberto M.	A1	Computer Vision and Image Understanding (Print)
artigoEmPeriodico	Roberto Marcondes Cesar Junior	2016	http://dx.doi.org/10.1109/TIFS.2016.2541611	Two-Dimensional Wavelet Analysis of Supraorbital Margins of the Human Skull for Characterizing Sexual Dimorphism	IEEE Transactions on Information Forensics and Security	PINTO, S. C. D. ; URBANOVA, P. ; Cesar Jr, Roberto M.	B1	
artigoEmPeriodico	Roberto Marcondes Cesar Junior	2016	http://dx.doi.org/10.5206/tjr.2016.1.4.8	Notes from the Field: The Role of Datasets in Transitional Justice Research: The Case of Brazilian Truth Commission	Transitional Justice Review	MEZAROBBA, GLENDA ; Cesar, Roberto M.	Qualis nao identificado	Transitional Justice Review
artigoEmPeriodico	Roberto Marcondes Cesar Junior	2016	http://dx.doi.org/10.1080/01431161.2016.1201227	A two-level Markov random field for road network extraction and its application with optical, SAR, and multitemporal data	International Journal of Remote Sensing (Print)	PERCIANO, T. ; TUPIN, F. ; HIRATA JR., R. ; Cesar Jr, Roberto M.	A2	
artigoEmPeriodico	Roberto Marcondes Cesar Junior	2015	http://dx.doi.org/10.1186/s12859-015-0452-0	Data-intensive analysis of HIV mutations	BMC Bioinformatics	OZAHATA, MINA CINTHO ; SABINO, ESTER CERDEIRA ; DIAZ, RICARDO SOBHIE ; CESAR-JR, ROBERTO M ; FERREIRA, JOÃO EDUARDO	A1	
artigoEmPeriodico	Roberto Marcondes Cesar Junior	2015	http://dx.doi.org/10.1002/lom3.10058	Visual rhythm for particle analysis in sample-in-flow systems: Application for continuous plankton monitoring	Limnology and Oceanography, Methods	MATUSZEWSKI, DAMIAN J. ; Cesar, Roberto M. ; STRICKLER, J. RUDI ; BALDASSO, LUIS F. ; LOPES, RUBENS M.	Qualis nao identificado	Limnology and Oceanography, Methods
artigoEmPeriodico	Roberto Marcondes Cesar Junior	2014	http://dx.doi.org/10.1016/j.gene.2014.03.010	Entropic Biological Score: a cell cycle investigation for GRN inference	Gene (Amsterdam)	Lopes, Fabrício M. ; RAY, SHUBHRA SANKAR ; HASHIMOTO, RONALDO F. ; Cesar, Roberto M.	B2	
artigoEmPeriodico	Roberto Marcondes Cesar Junior	2014	http://dx.doi.org/10.1016/j.ins.2014.02.096	A feature selection technique for inference of graphs from their known topological properties: Revealing scale-free gene regulatory networks	Information Sciences	Lopes, Fabrício M. ; MARTINS JR, David Corrêa ; BARRERA, Junior ; CESAR JUNIOR, R. M.	A1	
artigoEmPeriodico	Roberto Marcondes Cesar Junior	2014	http://dx.doi.org/10.1002/asi.23010	Brazilian bibliometric coauthorship networks	Journal of the Association for Information Science and Technology	MENA-CHALCO, JESÚS PASCUAL ; DIGIAMPIETRI, LUCIANO ANTONIO ; LOPES, Fabrício M. ; CESAR JUNIOR, R. M.	A1	
artigoEmPeriodico	Roberto Marcondes Cesar Junior	2013	http://dx.doi.org/10.1039/c3mb25475e	A methodology to infer gene networks from spatial patterns of expression - An application to fuorescence insitu hybridization images	Molecular Biosystems (Print)	CAMPITELI, MONICA GUIMARÃES ; COMIN, CESAR HENRIQUE ; COSTA, LUCIANO DA FONTOURA ; BABU, MADAN ; Cesar, Roberto Marcondes	A1	
artigoEmPeriodico	Roberto Marcondes Cesar Junior	2013	http://dx.doi.org/10.1016/j.ins.2012.10.027	Signal propagation in Bayesian networks and its relationship with intrinsically multivariate predictive variables	Information Sciences	Martins, David C. ; DE OLIVEIRA, EVALDO A. ; BRAGA-NETO, ULISSES M. ; HASHIMOTO, RONALDO F. ; Cesar, Roberto M.	A1	
artigoEmPeriodico	Roberto Marcondes Cesar Junior	2012	http://dx.doi.org/10.1016/j.patcog.2011.06.016	Modeling and measuring the spatial relation along : Regions, contours and fuzzy sets	Pattern Recognition	TAKEMURA, Celina Maki ; Cesar, Roberto M. ; BLOCH, Isabelle	A1	
artigoEmPeriodico	Roberto Marcondes Cesar Junior	2012	http://dx.doi.org/10.1016/j.patcog.2011.08.017	Interactive image segmentation by matching attributed relational graphs	Pattern Recognition	Noma, Alexandre ; Graciano, Ana B.V. ; Cesar Jr, Roberto M. ; Consularo, Luis A. ; BLOCH, Isabelle	A1	
artigoEmPeriodico	Roberto Marcondes Cesar Junior	2012	http://dx.doi.org/10.1186/1471-2164-13-s6-s7	Assessing the gain of biological data integration in gene networks inference	BMC Genomics	VICENTE, FÁBIO FR ; LOPES, FABRÍCIO M ; HASHIMOTO, RONALDO F ; Cesar, Roberto M	B1	
artigoEmPeriodico	Roberto Marcondes Cesar Junior	2011	http://dx.doi.org/10.1089/cmb.2010.0118	Gene Expression Complex Networks: Synthesis, Identification, and Analysis	Journal of Computational Biology	Lopes, Fabrício M. ; Cesar, Roberto M. ; Costa, Luciano Da F.	A1	
artigoEmPeriodico	Roberto Marcondes Cesar Junior	2011	http://dx.doi.org/10.1016/j.patrec.2010.02.016	Structural matching of 2D electrophoresis gels using deformed graphs	Pattern Recognition Letters	Noma, Alexandre ; Pardo, Alvaro ; Cesar Jr., Roberto M.	A1	
artigoEmPeriodico	Roberto Marcondes Cesar Junior	2011	http://dx.doi.org/10.1186/1752-0509-5-61	Inference of gene regulatory networks from time series by Tsallis entropy	BMC Systems Biology	Lopes, Fabrício ; de Oliveira, Evaldo A ; Cesar, Roberto M	B2	
artigoEmPeriodico	Roberto Marcondes Cesar Junior	2009	http://dx.doi.org/10.1016/j.jneumeth.2008.10.037	Automatic contour extraction from 2D neuron images	Journal of Neuroscience Methods	LEANDRO, J ; CESARJR, R ; COSTA, L	B2	
artigoEmPeriodico	Roberto Marcondes Cesar Junior	2009	http://dx.doi.org/10.1016/j.jvcir.2009.01.002	Generating segmented meshes from textured color images	Journal of Visual Communication and Image Representation	LIZIER, M. A. ; MARTINS JR, D C ; CUADROS-VARGAS, A. J. ; CESAR JUNIOR, R. M. ; NONATO, L. G.	B1	Journal of Visual Communication and Image Representation (Print)
artigoEmPeriodico	Roberto Marcondes Cesar Junior	2009	http://dx.doi.org/10.1007/s00371-009-0373-x	3D face computational photography using PCA spaces	The Visual Computer	Mena-Chalco, Jesús P. ; Macêdo, Ives ; Velho, Luiz ; Cesar, Roberto M.	B1	
artigoEmPeriodico	Roberto Marcondes Cesar Junior	2009	http://dx.doi.org/10.1590/S0104-65002009000400004	ScriptLattes: an open-source knowledge extraction system from the Lattes platform	Journal of the Brazilian Computer Society (Impresso)	Mena-Chalco, Jesús Pascual ; Cesar Junior, Roberto Marcondes	B2	
artigoEmPeriodico	Roberto Marcondes Cesar Junior	2009	http://dx.doi.org/10.1590/S0100-879X2009000700008	A novel polar-based human face recognition computational model	Brazilian Journal of Medical and Biological Research (Impresso)	Zana, Y. ; Mena-Chalco, J.P. ; Cesar Jr., R.M.	B2	
artigoEmPeriodico	Roberto Marcondes Cesar Junior	2008	http://dx.doi.org/10.1186/1471-2105-9-451	Feature selection environment for genomic applications	BMC Bioinformatics	Lopes, Fabricio M. ; Martins, David C. ; Cesar, Roberto M.	A1	
artigoEmPeriodico	Roberto Marcondes Cesar Junior	2008	http://dx.doi.org/10.1109/tcbb.2007.70259	Identification of Protein Coding Regions Using the Modified Gabor-Wavelet Transform	IEEE/ACM Transactions on Computational Biology and Bioinformatics (Print)	Mena-Chalco, J.P. ; CARRER, H. ; Zana, Y. ; CESAR JUNIOR, R. M.	A2	
artigoEmPeriodico	Roberto Marcondes Cesar Junior	2007	http://dx.doi.org/10.1186/1471-2105-8-169	A feature selection approach for identification of signature genes from SAGE data	BMC Bioinformatics	BARRERA, J ; CESAR JUNIOR, R. M. ; HUMES JR., C. ; MARTINS JR, D C ; PATRAO, D. F. C. ; SILVA, P J S ; BRENTANI, H	A1	
artigoEmPeriodico	Roberto Marcondes Cesar Junior	2007	http://dx.doi.org/10.1364/JOSAA.24.001448	Automated segmentation of retinal blood vessels and identification of proliferative diabetic retinopathy	Journal of the Optical Society of America. A, Optics Image Science and Vision	Jelinek, Herbert F. ; Cree, Michael J. ; Leandro, Jorge J. G. ; Soares, João V. B. ; Cesar, Roberto M. ; Luckie, A.	A2	Journal of the Optical Society of America. A, Optics, Image Science, and Vision
artigoEmPeriodico	Roberto Marcondes Cesar Junior	2006	http://dx.doi.org/10.1145/1119766.1119771	Face recognition based on polar frequency features	ACM Transactions on Applied Perception	ZANA, Yossi ; Cesar, Roberto M.	B2	ACM Transactions on Applied Perception (Print)
artigoEmPeriodico	Roberto Marcondes Cesar Junior	2006	http://dx.doi.org/10.1016/j.imavis.2006.02.014	Local approach for face verification in polar frequency domain	Image and Vision Computing	ZANA, Y ; CESARJR, R ; FERIS, R ; TURK, M	A1	
artigoEmPeriodico	Roberto Marcondes Cesar Junior	2006	http://dx.doi.org/10.1007/s10044-006-0031-0	W-operator Window Design by Minimization of Mean Conditional Entropy	Pattern Analysis and Applications	MARTINS JR, D C ; CESAR JUNIOR, R. M. ; BARRERA, J	B1	
artigoEmPeriodico	Roberto Marcondes Cesar Junior	2006	http://dx.doi.org/10.1109/TSMCB.2005.857095	On the ternary spatial relation	Part B, Cybernetics	BLOCH, Isabelle ; COLLIOT, O ; CESAR JUNIOR, R. M.	Qualis nao identificado	Part B, Cybernetics
artigoEmPeriodico	Roberto Marcondes Cesar Junior	2006	http://dx.doi.org/10.1109/tmi.2006.879967	Retinal vessel segmentation using the 2-D Gabor wavelet and supervised classification	IEEE Transactions on Medical Imaging (Print)	Soares, J.V.B. ; LEANDRO, J. J. G. ; CESAR JUNIOR, R. M. ; Jelinek, H.F. ; Cree, M.J.	A1	
artigoEmPeriodico	Roberto Marcondes Cesar Junior	2005	http://dx.doi.org/10.1002/ajpa.20209	Sexual dimorphism in the Japanese cranial base: A Fourier-wavelet representation	American Journal of Physical Anthropology	Lestrel, P.E. ; Cesar, R.M. ; TAKAHASHI, O. ; KANAZAWA, E.	C	
artigoEmPeriodico	Roberto Marcondes Cesar Junior	2005	http://dx.doi.org/10.1016/j.patcog.2005.05.007	Inexact graph matching for model-based recognition: Evaluation and comparison of optimization algorithms	Pattern Recognition	CESARJR, R; BENGOETXEA, E ; BLOCH, I ; LARRANAGA, P	A1	
artigoEmPeriodico	Roberto Marcondes Cesar Junior	2005		Development of retinal blood vessel segmentation methodology using wavelet transforms for assessment of diabetic retinopathy	Complexity International	CORNFORTH, D. ; JELINEK, H. ; LEANDRO, J. J. G. ; SOARES, J. V. B. ; CESAR JUNIOR, R. M. ; CREE, M ; MITCHELL, P ; BOSSOMAIER, T	Qualis nao identificado	Complexity International
artigoEmPeriodico	Roberto Marcondes Cesar Junior	2004	http://dx.doi.org/10.1016/S0010-4825(03)00073-8	An environment for knowledge discovery in biology	Computers in Biology and Medicine	BARRERA, J ; CESAR JUNIOR, R. M. ; FERREIRA, J e ; GUBITOSO, M D	B1	
artigoEmPeriodico	Roberto Marcondes Cesar Junior	2004	http://dx.doi.org/10.1016/j.rti.2004.05.006	Morphometrical Data Analysis using Wavelets	Real-Time Imaging	TAKEMURA, Celina Maki ; CESAR JUNIOR, R. M. ; ARANTES, R. A. T. ; COSTA, L. da F. ; HINGST-ZAHER, E. ; BONATO, V. ; REIS, S. F. dos	Qualis nao identificado	Real-Time Imaging
artigoEmPeriodico	Roberto Marcondes Cesar Junior	2004		Automated Morphometric Analysis of the Cat Retinal $\alpha$/Y, $\beta$/X and $\delta$ Ganglion Cells using Wavelet Statistical Moment and Clustering Algorithms	Journal of Integrative Neuroscience	LEANDRO, J. J. G. ; JELINEK, H. ; CESAR JUNIOR, R. M. ; SPENCE, I	Qualis nao identificado	Journal of Integrative Neuroscience
artigoEmPeriodico	Roberto Marcondes Cesar Junior	2004	http://dx.doi.org/10.1016/j.rti.2004.06.002	A wavelet subspace method for real-time face tracking	Real-Time Imaging	FERIS, R ; KRUEGER, V ; CESARJR, R	Qualis nao identificado	Real-Time Imaging
artigoEmPeriodico	Roberto Marcondes Cesar Junior	2004	http://dx.doi.org/10.1016/j.fss.2003.07.003	Approximate reflectional symmetries of fuzzy objects with an application in model-based object recognition	Fuzzy Sets and Systems	COLLIOT, O ; TUZIKOV, A ; CESAR JUNIOR, R. M. ; BLOCH, Isabelle	A1	
artigoEmPeriodico	Roberto Marcondes Cesar Junior	2003	http://dx.doi.org/10.1016/S1051-2004(02)00012-X	1d And 2d Fourier-Based Approaches To Numeric Curvature Estimation And Their Comparative Performance Assessment	Digital Signal Processing	L. F. Estrozi ; L. G. Rios ; A. G. Campos ; CESAR JUNIOR, R. M. ; COSTA, L. da F.	B1	Digital Signal Processing (Online)
artigoEmPeriodico	Roberto Marcondes Cesar Junior	2003	http://dx.doi.org/10.1016/S0304-4165(02)00446-4	A comparative analysis of structure and spatial distribution of decorin in human leiomyoma and normal myometrium	Biochimica et Biophysica Acta. G, General Subjects	BERTO, A. G. A. ; SAMPAIO, L. O. ; FRANCO, C. R. C. ; CESAR JUNIOR, R. M. ; MICHELACCI, Y.m.	B2	Biochimica et Biophysica Acta. G, General Subjects (Print)
artigoEmPeriodico	Roberto Marcondes Cesar Junior	2003		Exploring the structure-function relationship of cat retinal ganglion cells using wavelets	Brain and Mind (Dordrecht)	JELINEK, H. ; CESAR JUNIOR, R. M. ; LEANDRO, J. J. G.	Qualis nao identificado	Brain and Mind (Dordrecht)
artigoEmPeriodico	Roberto Marcondes Cesar Junior	2002	http://dx.doi.org/10.1089/10665270252833217	Inference from Clustering with Application to Gene-Expression Microarrays	Journal of Computational Biology	Dougherty, Edward R. ; Barrera, Junior ; Brun, Marcel ; Kim, Seungchan ; Cesar, Roberto M. ; Chen, Yidong ; Bittner, Michael ; Trent, Jeffrey M.	A1	
artigoEmPeriodico	Roberto Marcondes Cesar Junior	2002		Robótica, sistemas sensorial e motor: principais tendências e direções	Revista de Informática Teórica e Aplicada	CESAR JUNIOR, R. M.; GONÇALVES, L. M. G.	B4	Revista de Informática Teórica e Aplicada (Impresso)
artigoEmPeriodico	Roberto Marcondes Cesar Junior	2001	http://dx.doi.org/10.1023/A:1011139203654	Synergos - Synergetic Vision Research	Real-Time Systems	CESAR JUNIOR, R. M.; COSTA, L. da F. ; CONSULARO, L.a. ; O. M. Bruno	Qualis nao identificado	Real-Time Systems
artigoEmPeriodico	Roberto Marcondes Cesar Junior	2000		Reviewing Vision in the WWW	InterJournal (Online)	CESAR JUNIOR, R. M.; COSTA, L. da F.	Qualis nao identificado	InterJournal (Online)
trabalhoCompletoEmCongresso	Roberto Marcondes Cesar Junior	2016		Averaging Gone Wrong: Using Time-Aware Analyses to Better Understand Behavior	25th International Conference on World Wide Web	BARBOSA, S. ; COSLEY, D. ; SHARMA, A. ; Cesar Jr., R.M.	Qualis nao identificado	25th International Conference on World Wide Web
trabalhoCompletoEmCongresso	Roberto Marcondes Cesar Junior	2016		Data-oriented neuron classification from their parts	IEEE eScience Conference	CERVANTES, E. P. ; COMIN, CESAR HENRIQUE ; Costa, Luciano Da F. ; Cesar Jr., R.M.	Qualis nao identificado	IEEE eScience Conference
trabalhoCompletoEmCongresso	Roberto Marcondes Cesar Junior	2016		Efficient Object Recognition Using Sampling of Keypoint Triples and Keygraph Structure	XXIV Sibgrapi 2016	DAZZI, E. ; T. E. Campos ; HILTON, A. ; Cesar Jr., R.M.	Qualis nao identificado	XXIV Sibgrapi 2016
trabalhoCompletoEmCongresso	Roberto Marcondes Cesar Junior	2015		Using Text Similarity to Detect Social Interactions not Captured by Formal Reply Mechanisms	IEEE eScience Conference	BARBOSA, S. ; Cesar Jr, Roberto M. ; COSLEY, D.	Qualis nao identificado	IEEE eScience Conference
trabalhoCompletoEmCongresso	Roberto Marcondes Cesar Junior	2015		Attributed Graphs for Tracking Multiple Objects in Structured Sports Videos	International Conference on Computer Vision Workshops - CVsports	MORIMITSU, H. ; CESAR-JR, ROBERTO M. ; BLOCH, Isabelle	Qualis nao identificado	International Conference on Computer Vision Workshops - CVsports
trabalhoCompletoEmCongresso	Roberto Marcondes Cesar Junior	2014		Improved object matching using structural relations	IAPR Statistical	DAZZI, E. ; T. E. Campos ; Cesar Jr, Roberto M.	Qualis nao identificado	IAPR Statistical
trabalhoCompletoEmCongresso	Roberto Marcondes Cesar Junior	2014		A Spatio-Temporal Approach for Multiple Object Detection in Videos Using Graphs and Probability Maps	International Conference on Image Analysis and Recognition - ICIAR 2014	MORIMITSU, H. ; Cesar Jr, Roberto M. ; BLOCH, Isabelle	Qualis nao identificado	International Conference on Image Analysis and Recognition - ICIAR 2014
trabalhoCompletoEmCongresso	Roberto Marcondes Cesar Junior	2013		Visual Rhythm-based method for continuous plankton monitoring	IEEE eScience Conference	MATUSZEWSKI, D. J. ; LOPES, R. M. ; CESAR-JR, ROBERTO M.	Qualis nao identificado	IEEE eScience Conference
trabalhoCompletoEmCongresso	Roberto Marcondes Cesar Junior	2013		Using Link Prediction to Estimate the Collaborative Influence of Researchers	IEEE eScience Conference	CERVANTES, E. P. ; Mena-Chalco, Jesús P. ; OLIVEIRA, M C F ; Cesar Jr, Roberto M.	Qualis nao identificado	IEEE eScience Conference
trabalhoCompletoEmCongresso	Roberto Marcondes Cesar Junior	2013		Shape Analysis using the Spectral Graph Wavelet Transform	IEEE eScience Conference	Leandro, Jorge J. G. ; Cesar Jr, Roberto M. ; FERIS, Rogério S.	Qualis nao identificado	IEEE eScience Conference
trabalhoCompletoEmCongresso	Roberto Marcondes Cesar Junior	2012		Visual rhythm-based plankton detection method for ballast water quality assessment	IEEE ICIP	MATUSZEWSKI, D. J. ; MARTINS, C. I. O. ; Cesar Jr., R.M. ; STRICKLER, R. ; LOPES, R. M.	Qualis nao identificado	IEEE ICIP
trabalhoCompletoEmCongresso	Roberto Marcondes Cesar Junior	2012		Data-intensive analysis of HIV mutations	IEEE International Conference on e-science	CINTHO, M. ; FERREIRA, J e ; Cesar Jr., Roberto M.	B1	IEEE International Conference on e-science and Grid Computing
trabalhoCompletoEmCongresso	Roberto Marcondes Cesar Junior	2012		Data-Oriented Research for Bioresource Utilization:a Case Study to Investigate Water Uptake in Cellulose Using Principal Components	IEEE International Conference on e-science	LIU, Y. ; DRIEMEIER, C. ; Cesar Jr., Roberto M.	B1	IEEE International Conference on e-science and Grid Computing
trabalhoCompletoEmCongresso	Roberto Marcondes Cesar Junior	2012		Towards a quantitative academic internationalization assessment of Brazilian research groups	2nd workshop on Analyzing and Improving Collaborative eScience with Social Networks - IEEE eScience - 2012	CERVANTES, E. P. ; CHALCO, J M ; Cesar Jr., Roberto M.	Qualis nao identificado	2nd workshop on Analyzing and Improving Collaborative eScience with Social Networks - IEEE eScience - 2012
trabalhoCompletoEmCongresso	Roberto Marcondes Cesar Junior	2011		Keygraphs for Sign Detection in Indoor Environments by Mobile Phones	8th IAPR-TC-15 Workshop on Graph-based Representations in Pattern Recognition	MORIMITSU, H. ; PIMENTEL, R. ; HIRATA JR., R. ; CESAR JUNIOR, R. M.	Qualis nao identificado	8th IAPR-TC-15 Workshop on Graph-based Representations in Pattern Recognition
trabalhoCompletoEmCongresso	Roberto Marcondes Cesar Junior	2011		Segmentation of Similar Images using Graph Matching and Community Detection	8th IAPR-TC-15 Workshop on Graph-based Representations in Pattern Recognition	MARTINS, C. I. O. ; CESAR JUNIOR, R. M. ; FREITAS, A. V. L. ; JORGE, L. R. ; Leandro, Jorge J. G.	Qualis nao identificado	8th IAPR-TC-15 Workshop on Graph-based Representations in Pattern Recognition
trabalhoCompletoEmCongresso	Roberto Marcondes Cesar Junior	2011		A hierarchical Markov random field for road network extraction and its applicationwith optical and sar data	2011 IEEE International Geoscience and Remote Sensing Symposium	PERCIANO, T. ; TUPIN, F. ; HIRATA JR., R. ; Cesar Jr., R.M.	B1	IEEE International Geoscience and Remote Sensing Symposium
trabalhoCompletoEmCongresso	Roberto Marcondes Cesar Junior	2011		3D Facial Expression Analysis by using 2D and 3D Wavelet Transforms	18th IEEE International Conference on Image Processing - ICIP 2011	PINTO, S. C. D. ; Mena-Chalco, Jesús P. ; LOPES, Fabrício Martins ; VELHO, L ; Cesar Jr., R.M.	A1	IEEE International Conference on Image Processing
trabalhoCompletoEmCongresso	Roberto Marcondes Cesar Junior	2011		Wi-Fi and Keygraphs for Localization with Cell Phones	Second IEEE International Workshop on Mobile Vision - IWMV - ICCV	MORIMITSU, H. ; PIMENTEL, R. ; HASHIMOTO, M. ; Cesar Jr., R.M. ; HIRATA JR., R.	Qualis nao identificado	Second IEEE International Workshop on Mobile Vision - IWMV - ICCV
trabalhoCompletoEmCongresso	Roberto Marcondes Cesar Junior	2011		Towards automatic discovery of co-authorship networks in the Brazilian academic are	Workshop On Measuring the Impact of e-Science Research (MeSR 2011) - IEEE eScience 2011	Mena-Chalco, Jesús Pascual ; Cesar Jr., R.M.	Qualis nao identificado	Workshop On Measuring the Impact of e-Science Research (MeSR 2011) - IEEE eScience 2011
trabalhoCompletoEmCongresso	Roberto Marcondes Cesar Junior	2010		A column generation approach for the graph matching problem	International Conference on Pattern Recognition - ICPR	FREIRE, A. ; CESAR JUNIOR, R. M. ; FERREIRA, C. E.	A1	International Conference on Pattern Recognition
trabalhoCompletoEmCongresso	Roberto Marcondes Cesar Junior	2010		SFFS-MR: a floating search strategy for GRNs inference	5th IAPR International Conference on Pattern Recognition in Bioinformatics	LOPES, Fabrício Martins ; MARTINS, C. I. O. ; Martins, David C. ; BARRERA, J ; CESAR JUNIOR, R. M.	A1	International Conference on Pattern Recognition
trabalhoCompletoEmCongresso	Roberto Marcondes Cesar Junior	2010		Sparse Representations for Efficient Shape Matching	SIBGRAPI	NOMA, A. ; CESAR JUNIOR, R. M.	B1	
trabalhoCompletoEmCongresso	Roberto Marcondes Cesar Junior	2010		3D Linear Facial Animation Based on Real Data	SIBGRAPI	MATTOS, A. B. ; Mena-Chalco, Jesús P. ; CESAR JUNIOR, R. M. ; VELHO, L	B1	
trabalhoCompletoEmCongresso	Roberto Marcondes Cesar Junior	2010		Image Segmentation Using Component Tree and Normalized Cut	SIBGRAPI	CARVALHO, M. A. ; COSTA, A. ; FERREIRA, A. ; CESAR JUNIOR, R. M.	B1	
trabalhoCompletoEmCongresso	Roberto Marcondes Cesar Junior	2009		Object Detection by Keygraph Classification	7th IAPR-TC-15 Workshop on Graph-based Representations in Pattern Recognition	HASHIMOTO, M. ; CESAR JUNIOR, R. M.	Qualis nao identificado	7th IAPR-TC-15 Workshop on Graph-based Representations in Pattern Recognition
trabalhoCompletoEmCongresso	Roberto Marcondes Cesar Junior	2009		Revealing temporal genetic regulatory networks from steady-state distributions	IEEE International Workshop on Genomic Signal Processing and Statistics - GENSIPS	MARTINS JR, D C ; Oliveira, E. A. ; SILVA, P J S ; HASHIMOTO, R. ; CESAR JUNIOR, R. M.	B4	IEEE International Workshop on Genomic Signal Processing and Statistics
trabalhoCompletoEmCongresso	Roberto Marcondes Cesar Junior	2009		Comparative study of GRN's inference methods based on feature selection by mutual information	IEEE International Workshop on Genomic Signal Processing and Statistics - GENSIPS	LOPES, Fabrício Martins ; MARTINS JR, D C ; CESAR JUNIOR, R. M.	B4	IEEE International Workshop on Genomic Signal Processing and Statistics
trabalhoCompletoEmCongresso	Roberto Marcondes Cesar Junior	2009		Evaluation of retinal vessel segmentation methods for microaneurysms detection	International Conference on Image Processing	MARTINS, C. I. O. ; MEDEIROS, F. N. S. ; VERAS, R. M. S. ; BEZERRA, F. N. ; CESAR JUNIOR, R. M.	B4	International Conference on Image Processing Computer Vision and Pattern Recognition
trabalhoCompletoEmCongresso	Roberto Marcondes Cesar Junior	2009		A Computer-Assisted Colorization Approach based on Eﬃcient Belief Propagation and Graph Matching	14th Iberoamerican Congress on Pattern Recognition (CIARP 2009)	NOMA, A. ; VELHO, L ; CESAR JUNIOR, R. M.	B2	Iberoamerican Congress on Pattern Recognition
trabalhoCompletoEmCongresso	Roberto Marcondes Cesar Junior	2009		Analysis of the GRNs inference by using Tsallis entropy and a feature selection approach	14th Iberoamerican Congress on Pattern Recognition (CIARP 2009)	LOPES, Fabrício Martins ; Oliveira, E. A. ; CESAR JUNIOR, R. M.	B2	Iberoamerican Congress on Pattern Recognition
trabalhoCompletoEmCongresso	Roberto Marcondes Cesar Junior	2008		A Backmapping Approach for Graph-based Object Tracking	SIBGRAPI	GRACIANO, A B V ; PAIXAO, T. M. ; CESAR JUNIOR, R. M. ; HIRATA JR., R.	B1	
trabalhoCompletoEmCongresso	Roberto Marcondes Cesar Junior	2008		Structural Matching of 2D Electrophoresis Gels using Graph Models	SIBGRAPI	NOMA, A. ; PARDO, A. ; CESAR JUNIOR, R. M.	B1	
trabalhoCompletoEmCongresso	Roberto Marcondes Cesar Junior	2008		PCA-based 3D Face Photography	SIBGRAPI	CHALCO, J M ; MACEDO, Y. ; VELHO, L ; CESAR JUNIOR, R. M.	B1	
trabalhoCompletoEmCongresso	Roberto Marcondes Cesar Junior	2007		Structural Image Segmentation with Interactive Model Generation (ACCEPTED)	IEEE International Conference on Image Processing - ICIP	CONSULARO, L. A. ; CESAR JUNIOR, R. M. ; BLOCH, Isabelle	A1	IEEE International Conference on Image Processing
trabalhoCompletoEmCongresso	Roberto Marcondes Cesar Junior	2007		Oversegmentation control for inexact graph matching: first results (ACCEPTED)	International Symposium on Mathematical Morphology - ISMM 2007	CONSULARO, L. A. ; CESAR JUNIOR, R. M. ; FIGUEIREDO, L H ; BLOCH, Isabelle	B1	International Symposium on Mathematical Morphology
trabalhoCompletoEmCongresso	Roberto Marcondes Cesar Junior	2007		Object Tracking Based On Graph Representations And Structural Pattern Recognition (ACCEPTED)	Brazilian Symposium on Computer Graphics	GRACIANO, A B V ; CESAR JUNIOR, R. M. ; BLOCH, Isabelle	Qualis nao identificado	Brazilian Symposium on Computer Graphics
trabalhoCompletoEmCongresso	Roberto Marcondes Cesar Junior	2007		Efficient curve detection using a Gauss-Newton method with applications in agriculture	1st International Workshop on Computer Vision Applications for Developing Regions in Conjunction with ICCV 2007	ANDREANI, R. ; CESAR, G. ; CESAR JUNIOR, R. M. ; MARTINEZ, J. M. ; SILVA, P J S	Qualis nao identificado	1st International Workshop on Computer Vision Applications for Developing Regions in Conjunction with ICCV 2007
trabalhoCompletoEmCongresso	Roberto Marcondes Cesar Junior	2006		Modélisation de la relation spatiale entre pour des objets d'extensions spatiales très différentes	15e congrès francophone AFRIF-AFIA Reconnaissance des Formes et Intelligence Artificielle	BLOCH, Isabelle ; COLLIOT, O ; CESAR JUNIOR, R. M.	Qualis nao identificado	15e congrès francophone AFRIF-AFIA Reconnaissance des Formes et Intelligence Artificielle
trabalhoCompletoEmCongresso	Roberto Marcondes Cesar Junior	2006		Human and Machine Recognition of Fourier-Bessel Filtered Face Images	7th IEEE International Conference on Automatic Face and Gesture Recognition	ZANA, Y ; CESAR JUNIOR, R. M. ; CHALCO, J M	A1	International Conference on Automatic Face and Gesture Recognition
trabalhoCompletoEmCongresso	Roberto Marcondes Cesar Junior	2006		Identificación de regiones codificantes de proteínas mediante la transformada modificada de Morlet	XIII Concurso Latinoamericano de Tesis de Maestría. 32a Conferencia Latinoamericana de Informática - CLEI	CHALCO, J M ; CESAR JUNIOR, R. M.	B4	Conferencia Latinoamericana de Informática
trabalhoCompletoEmCongresso	Roberto Marcondes Cesar Junior	2006		Determining the Branching Structure of 3D Structures from Respective 2D Projections	Brazilian Symposium on Computer Graphics	LEANDRO, J. J. G. ; CESAR JUNIOR, R. M. ; COSTA, L. da F.	Qualis nao identificado	Brazilian Symposium on Computer Graphics
trabalhoCompletoEmCongresso	Roberto Marcondes Cesar Junior	2006		Análise de Formas 3D usando Wavelets 1D, 2D e 3D	Workshop de teses e dissertações - SIBGRAPI	PINTO, S. C. D. ; CESAR JUNIOR, R. M. ; COSTA, L. da F.	Qualis nao identificado	Workshop de teses e dissertações - SIBGRAPI
trabalhoCompletoEmCongresso	Roberto Marcondes Cesar Junior	2006		Rastreamento de Componentes Conexas em Vídeo 3D para Obtenção de	Workshop de teses e dissertações - SIBGRAPI	PIRES, D da S ; CESAR JUNIOR, R. M. ; VIEIRA, M B ; VELHO, L	Qualis nao identificado	Workshop de teses e dissertações - SIBGRAPI
trabalhoCompletoEmCongresso	Roberto Marcondes Cesar Junior	2005		Mathematical modeling of the relationship between based on morphological operators	International Symposium on Mathematical Morphology - ISMM'05	BLOCH, Isabelle ; COLLIOT, O ; CESAR JUNIOR, R. M.	B1	International Symposium on Mathematical Morphology
trabalhoCompletoEmCongresso	Roberto Marcondes Cesar Junior	2005		Classification of Pathology in Diabetic Eye Disease	APRS Workshop on Digital Image Computing - Pattern Recognition and Imaging for Medical Applications	JELINEK, H. ; LEANDRO, J. J. G. ; CESAR JUNIOR, R. M. ; CREE, M	Qualis nao identificado	APRS Workshop on Digital Image Computing - Pattern Recognition and Imaging for Medical Applications
trabalhoCompletoEmCongresso	Roberto Marcondes Cesar Junior	2005		Automatic Face Recognition System Based on Local Fourier-Bessel Feature	Brazilian Symposium on Computer Graphics	ZANA, Yossi ; CESAR JUNIOR, R. M. ; BARBOSA, R	Qualis nao identificado	Brazilian Symposium on Computer Graphics
trabalhoCompletoEmCongresso	Roberto Marcondes Cesar Junior	2005		Quadtree-based Inexact Graph Matching for Image Analysis	Brazilian Symposium on Computer Graphics	CONSULARO, L.a. ; CESAR JUNIOR, R. M.	Qualis nao identificado	Brazilian Symposium on Computer Graphics
trabalhoCompletoEmCongresso	Roberto Marcondes Cesar Junior	2005		Tracking and Matching Connected Components from 3D Video	Brazilian Symposium on Computer Graphics	PIRES, D S ; CESAR JUNIOR, R. M. ; VIEIRA, M B ; VELHO, L	Qualis nao identificado	Brazilian Symposium on Computer Graphics
trabalhoCompletoEmCongresso	Roberto Marcondes Cesar Junior	2005		Fuzzy modeling and evaluation of the spatial relation Along	X Iberoamerican Congress on Pattern Recognition	TAKEMURA, Celina Maki ; CESAR JUNIOR, R. M. ; BLOCH, Isabelle	B2	Iberoamerican Congress on Pattern Recognition
trabalhoCompletoEmCongresso	Roberto Marcondes Cesar Junior	2005		Automatic Window Design for Gray-Scale Image Processing Based on Entropy Minimization	X Iberoamerican Congress on Pattern Recognition	MARTINS JR, D C ; CESAR JUNIOR, R. M. ; BARRERA, J	B2	Iberoamerican Congress on Pattern Recognition
trabalhoCompletoEmCongresso	Roberto Marcondes Cesar Junior	2005		Face Verification in Polar Frequency Domain: a Biologically Motivated Approach	International Symposium on Visual Computing	ZANA, Yossi ; CESAR JUNIOR, R. M. ; FERIS, Rogério S. ; TURK, Matthew	Qualis nao identificado	International Symposium on Visual Computing
trabalhoCompletoEmCongresso	Roberto Marcondes Cesar Junior	2005		Redução de dimensionalidade utilizando entropia condicional média: aplicações em filtragem de imagens e em reconhecimento de texturas	Workshop de Teses e Dissertações	MARTINS JR, D C ; CESAR JUNIOR, R. M. ; BARRERA, J	Qualis nao identificado	Workshop de Teses e Dissertações
trabalhoCompletoEmCongresso	Roberto Marcondes Cesar Junior	2005		Using the 2-D Morlet Wavelet with Supervised Classification for Retinal Vessel Segmentation	Workshop de Teses e Dissertações	SOARES, J. V. B. ; LEANDRO, J. J. G. ; CESAR JUNIOR, R. M. ; JELINEK, H. ; CREE, M	Qualis nao identificado	Workshop de Teses e Dissertações
trabalhoCompletoEmCongresso	Roberto Marcondes Cesar Junior	2005		Audio-based radio and TV broadcast monitoring	WebMedia '05 - 11th Brazilian Symposium on Multimedia and the web	OLIVEIRA, B ; CRIVELLARO, A ; CESAR JUNIOR, R. M.	B3	Brazilian Symposium on Multimedia and the Web
trabalhoCompletoEmCongresso	Roberto Marcondes Cesar Junior	2004		W-operator Window Design by Maximization of Training Data Information	Brazilian Symposium on Computer Graphics	CESAR JUNIOR, R. M.; MARTINS JR, D C ; BARRERA, J	Qualis nao identificado	Brazilian Symposium on Computer Graphics
trabalhoCompletoEmCongresso	Roberto Marcondes Cesar Junior	2004		Análise de formas representadas por marcos utilizando características mono e multiescala	Workshop de Teses e Dissertações	CESAR JUNIOR, R. M.; TAKEMURA, Celina Maki	Qualis nao identificado	Workshop de Teses e Dissertações
trabalhoCompletoEmCongresso	Roberto Marcondes Cesar Junior	2004		Modelisation de la relation spatiale entre partir de notions de convexit et de visibilit floue	Rencontres francophones sur la Logique Floue et ses Applications LFA 04	BLOCH, Isabelle ; COLLIOT, O ; CESAR JUNIOR, R. M.	Qualis nao identificado	Rencontres francophones sur la Logique Floue et ses Applications LFA 04
trabalhoCompletoEmCongresso	Roberto Marcondes Cesar Junior	2004		Development of retinal blood vessel segmentation methodology using wavelet transforms assesment of diabetic retinopathy	8th Asia Pacific Symposium on Intelligent and Evolutionary Systems	CORNFORTH, D. ; JELINEK, H. ; LEANDRO, J. J. G. ; SOARES, J. V. B. ; CESAR JUNIOR, R. M. ; CREE, M ; MITCHELL, P ; BOSSOMAIER, T	Qualis nao identificado	8th Asia Pacific Symposium on Intelligent and Evolutionary Systems
trabalhoCompletoEmCongresso	Roberto Marcondes Cesar Junior	2003		Blood Vessels Segmentation in Non-Mydriatic Images using Wavelets and Statistical Classifiers	Brazilian Conference on Computer Graphics	CESAR JUNIOR, R. M.; JELINEK, H. ; LEANDRO, J. J. G. ; SOARES, J. V. B.	Qualis nao identificado	Brazilian Conference on Computer Graphics
trabalhoCompletoEmCongresso	Roberto Marcondes Cesar Junior	2003		Characterization of neuroanatomic structures using 3d wavelet-based normal fields	Seventh International Symposium on Signal Processing and its Applications - ISSPA 2003	PINTO, S. C. D. ; CESAR JUNIOR, R. M. ; COSTA, L. da F.	Qualis nao identificado	Seventh International Symposium on Signal Processing and its Applications - ISSPA 2003
trabalhoCompletoEmCongresso	Roberto Marcondes Cesar Junior	2003		Inexact Graph Matching for Facial Feature Segmentation and Recognition in Vide o Sequences: Results on Face Tracking	8th Iberoamerican Congress on Pattern Recognition - CIARP´03	GRACIANO, A B V ; CESAR JUNIOR, R. M. ; BLOCH, Isabelle	B2	Iberoamerican Congress on Pattern Recognition
trabalhoCompletoEmCongresso	Roberto Marcondes Cesar Junior	2003		Homomorfismo entre Grafos para Segmentação e Reconhecimento de Características Faciais em Sequências de Vídeo: Resultados Preliminares	Brazilian Conference on Computer Graphics	GRACIANO, A B V ; CESAR JUNIOR, R. M. ; BLOCH, Isabelle	Qualis nao identificado	Brazilian Conference on Computer Graphics
trabalhoCompletoEmCongresso	Roberto Marcondes Cesar Junior	2002		Shape Analysis and Classification using Landmarks: Polygonal Wavelet Transform	European Conference on Artificial Intelligence - ECAI	CESAR JUNIOR, R. M.; TAKEMURA, Celina Maki	A2	European Conference on Artificial Inteligence
trabalhoCompletoEmCongresso	Roberto Marcondes Cesar Junior	2002		Inexact Graph Matching using Stochastic Optimization Techniques for Facial Feature Recognition	16th International Conference on Pattern Recognition	CESAR JUNIOR, R. M.; BLOCH, Isabelle ; BENGOETXEA, E.	A1	International Conference on Pattern Recognition
trabalhoCompletoEmCongresso	Roberto Marcondes Cesar Junior	2002		3D Morphological Analysis of Brain MRI using Wavelets	14th International Conference on Digital Signal Processing (DSP2002)	CESAR JUNIOR, R. M.; COSTA, L. da F. ; PINTO, S. C. D.	A2	International Conference on Digital Signal Processing
trabalhoCompletoEmCongresso	Roberto Marcondes Cesar Junior	2002		MicroMod: an L-systems approach to neuron modelling	The Sixth Australia-Japan Joint Workshop	CESAR JUNIOR, R. M.; JELINEK, H. ; LEANDRO, J. J. G. ; KARPERIEN, A. ; CORNFORTH, D.	Qualis nao identificado	The Sixth Australia-Japan Joint Workshop
trabalhoCompletoEmCongresso	Roberto Marcondes Cesar Junior	2002		From Microarray Images to Biological Knowledge	Second Brazilian Symposium on Mathematical and Computational Biology	CESAR JUNIOR, R. M.; BARRERA, J. ; DANTAS, D. O. ; MARTINS JR, D C ; TREPODE, N. W.	Qualis nao identificado	Second Brazilian Symposium on Mathematical and Computational Biology
trabalhoCompletoEmCongresso	Roberto Marcondes Cesar Junior	2002		Efficient Real-time Face Tracking in Wavelet Space	Workshop de Teses e Dissertações - WTD - XXII Congresso da SBC - SBC2002	FERIS, Rogério S. ; CESAR JUNIOR, R. M.	Qualis nao identificado	Workshop de Teses e Dissertações - WTD - XXII Congresso da SBC - SBC2002
trabalhoCompletoEmCongresso	Roberto Marcondes Cesar Junior	2002		Advances on Feature Selection Techniques with Applications to Face Recognition	Workshop de Teses e Dissertações - WTD - XXII Congresso da SBC - SBC2002	CAMPOS, T. E. ; CESAR JUNIOR, R. M.	Qualis nao identificado	Workshop de Teses e Dissertações - WTD - XXII Congresso da SBC - SBC2002
trabalhoCompletoEmCongresso	Roberto Marcondes Cesar Junior	2001		Locating and Tracking Facial Landmarks Using Gabor Wavelet Networks	ICAPR'2001 - International Conference on Advances in Pattern Recognition	CESAR JUNIOR, R. M.; FERIS, Rogerio S.	Qualis nao identificado	ICAPR'2001 - International Conference on Advances in Pattern Recognition
trabalhoCompletoEmCongresso	Roberto Marcondes Cesar Junior	2001		Feature Selection Based on Fuzzy Distances Between Clusters: First Results on Simulated Data	ICAPR'2001 International Conference on Advances in Pattern Recognition	CESAR JUNIOR, R. M.; T. E. Campos ; BLOCH, Isabelle	Qualis nao identificado	ICAPR'2001 International Conference on Advances in Pattern Recognition
trabalhoCompletoEmCongresso	Roberto Marcondes Cesar Junior	2001		Efficient Real-Time Face Tracking in Wavelet Subspace	Second International Workshop on Recognition	CESAR JUNIOR, R. M.; FERIS, Rogerio S. ; KRÜGER, V.	Qualis nao identificado	Second International Workshop on Recognition
trabalhoCompletoEmCongresso	Roberto Marcondes Cesar Junior	2001		Blood Vessels Segmentation in Retina: Preliminary Assessment of the Mathematical Morphology and of the Wavelet Transform Techniques	Brazilian Conference on Computer Graphics	CESAR JUNIOR, R. M.; LEANDRO, J. J. G. ; JELINEK, H.	Qualis nao identificado	Brazilian Conference on Computer Graphics
trabalhoCompletoEmCongresso	Roberto Marcondes Cesar Junior	2001		Time Series Inference from Clustering	Spie Microarrays: Optical Technologies and Informatics	CESAR JUNIOR, R. M.; DOUGHERTY, E. R. ; BARRERA, J. ; BRUN, M. ; KIM, S. ; CHEN, Y. ; BITTNER, M. ; TRENT, J. M.	Qualis nao identificado	Spie Microarrays: Optical Technologies and Informatics
trabalhoCompletoEmCongresso	Roberto Marcondes Cesar Junior	2001		First Results on Facial Feature Segmentation and Recognition using Graph Homomorphisms	VI Simpósio Ibero-Americano de Reconhecimento de Padrões	CESAR JUNIOR, R. M.; BLOCH, Isabelle	Qualis nao identificado	VI Simpósio Ibero-Americano de Reconhecimento de Padrões
trabalhoCompletoEmCongresso	Roberto Marcondes Cesar Junior	2001		Design, Implementation, and Application of a Parallel Image Laboratory	VI Simpósio Ibero-Americano de Reconhecimento de Padrões	CESAR JUNIOR, R. M.; COSTA, L. da F. ; CONSULARO, L.a. ; O. M. Bruno	Qualis nao identificado	VI Simpósio Ibero-Americano de Reconhecimento de Padrões
trabalhoCompletoEmCongresso	Roberto Marcondes Cesar Junior	2000		Eigenfaces versus Eygeneyes: First Steps Toward Performance Assessment of Representations for Face Recognition	International Mexican Conference on Artificial Intelligence	CESAR JUNIOR, R. M.; FERIS, Rogerio S. ; T. E. Campos	A1	International Joint Conference on Artificial Inteligence
trabalhoCompletoEmCongresso	Roberto Marcondes Cesar Junior	2000		Detection and Tracking of Facial Features in Video Sequences	Proc. International Mexican Conference on Artificial Intelligence	CESAR JUNIOR, R. M.; FERIS, Rogerio S. ; T. E. Campos	Qualis nao identificado	Proc. International Mexican Conference on Artificial Intelligence
trabalhoCompletoEmCongresso	Roberto Marcondes Cesar Junior	2000		Tracking Facial Features Using Gabor Wavelet Networks	SIBGRAPI'2000	CESAR JUNIOR, R. M.; FERIS, Rogerio S.	Qualis nao identificado	SIBGRAPI'2000
trabalhoCompletoEmCongresso	Roberto Marcondes Cesar Junior	2000		A Framework for Face Recognition from Video Sequences Using GWN and Eigenfeature Selection	WAICV'2000 - SBIA'2000 - IBERAMIA'2000	CESAR JUNIOR, R. M.; FERIS, Rogerio S. ; T. E. Campos	Qualis nao identificado	WAICV'2000 - SBIA'2000 - IBERAMIA'2000
trabalhoCompletoEmCongresso	Roberto Marcondes Cesar Junior	2000		Improved Face X Non-Face Discrimination Using Fourier Descriptors Through Feature Selection	13th SIBGRAPI	CESAR JUNIOR, R. M.; T. E. Campos	Qualis nao identificado	13th SIBGRAPI
trabalhoCompletoEmCongresso	Roberto Marcondes Cesar Junior	2000		Reconhecimento Computacional de Pessoas	SEMAC - Semana da Computação - IBILCE/UNESP -	CESAR JUNIOR, R. M.; T. E. Campos ; FERIS, Rogerio S.	Qualis nao identificado	SEMAC - Semana da Computação - IBILCE/UNESP -
resumoExpandidoEmCongresso	Roberto Marcondes Cesar Junior	2014	Modeling and recognition of structured objects: a statistical-relational approach	Workshop FEAST - ICPR 2014, 2014, Stockholm. Proc. Workshop FEAST - ICPR 2014	Graciano, Ana B.V. ; Cesar Jr, Roberto M. ; BLOCH, Isabelle	Qualis nao identificado	Workshop FEAST - ICPR 2014, 2014, Stockholm. Proc. Workshop FEAST - ICPR 2014
resumoExpandidoEmCongresso	Roberto Marcondes Cesar Junior	2014	A graph-based approach for object detection and action recognition in videos	Workshop FEAST - ICPR 2014, 2014, Stockholm. Proc. Workshop FEAST - ICPR 2014	MORIMITSU, H. ; Cesar Jr, Roberto M. ; BLOCH, Isabelle	Qualis nao identificado	Workshop FEAST - ICPR 2014, 2014, Stockholm. Proc. Workshop FEAST - ICPR 2014
resumoExpandidoEmCongresso	Roberto Marcondes Cesar Junior	2008	Automatic Contour Extraction Of Neurons In Presence Of Overlap	3rd Workshop on Bio-Image Informatics: Biological Imaging, Computer Vision and Data Mining, 2008, 2008, Santa Barbara, CA. 3rd Workshop on Bio-Image Informatics: Biological Imaging, Computer Vision and Data Mining, 2008	LEANDRO, J. J. G. ; CESAR JUNIOR, R. M. ; COSTA, L F	Qualis nao identificado	3rd Workshop on Bio-Image Informatics: Biological Imaging, Computer Vision and Data Mining, 2008, 2008, Santa Barbara, CA. 3rd Workshop on Bio-Image Informatics: Biological Imaging, Computer Vision and Data Mining, 2008
resumoExpandidoEmCongresso	Roberto Marcondes Cesar Junior	2008	AGN Simulation and Validation Model	III Brazilian Symposium on Bioinformatics, 2008. Lecture Notes in Computer Science	LOPES, Fabrício Martins ; CESAR JUNIOR, R. M. ; COSTA, L. F.	B4	Brazilian Symposium on Bioinformatics
resumoExpandidoEmCongresso	Roberto Marcondes Cesar Junior	2004	A New Annotation Tool For Malaria Based On Inference Of Probabilistic Genetic Networks	Fifth International Conference for the Critical Assessment of Microarray Data Analysis (CAMDA 2004), 2004, Durham. Proc. Fifth International Conference for the Critical Assessment of Microarray Data Analysis (CAMDA 2004)	BARRERA, J ; CESAR JUNIOR, R. M. ; MARTINS JR, D C ; MERINO, e F ; VENCIO, R Z N ; LEONARDI, F G ; YAMAMOTO, M M ; PEREIRA, C A B ; PORTILLO, H A Del	Qualis nao identificado	Fifth International Conference for the Critical Assessment of Microarray Data Analysis (CAMDA 2004), 2004, Durham. Proc. Fifth International Conference for the Critical Assessment of Microarray Data Analysis (CAMDA 2004)
artigoEmPeriodico	Jesus Pascual Mena Chalco	2017	http://dx.doi.org/10.1590/1516-731320170020006	(Inter)disciplinaridade e transversalidades: o projeto de formação superior da Universidade Federal do ABC	Ciência e Educação (UNESP)	XAVIER, A. M. ; STEIL, L. J. ; MENA-CHALCO, J. P.	Qualis nao identificado	Ciência e Educação (UNESP)
artigoEmPeriodico	Jesus Pascual Mena Chalco	2017	http://dx.doi.org/10.1002/asi.23635	Scholarly publication and collaboration in Brazil: The role of geography	Journal of the Association for Information Science and Technology	SIDONE, OTÁVIO JOSÉ GUERCI ; HADDAD, EDUARDO AMARAL ; MENA-CHALCO, JESÚS PASCUAL	A1	
artigoEmPeriodico	Jesus Pascual Mena Chalco	2017	http://dx.doi.org/10.1016/j.joi.2017.04.001	Genealogical index: A metric to analyze advisor-advisee relationships	Journal of Informetrics	ROSSI, L. ; FREIRE, I. L. ; MENA-CHALCO, J. P.	B2	Journal of Informatrics
artigoEmPeriodico	Jesus Pascual Mena Chalco	2017		Produção Científica e Redes de Colaboração dos Docentes Vinculados aos Programas de Pós-graduação em Economia no Brasil	ESTUDOS ECONÔMICOS	HADDAD, E. A. ; MENA-CHALCO, J. P. ; SIDONE, O. J. G.	Qualis nao identificado	ESTUDOS ECONÔMICOS
artigoEmPeriodico	Jesus Pascual Mena Chalco	2017		Scholarly Collaboration in Regional Science in Developing Countries: The Case of the Brazilian REAL Network	INTERNATIONAL REGIONAL SCIENCE REVIEW	HADDAD, E. A. ; MENA-CHALCO, J. P. ; SIDONE, O. J. G.	Qualis nao identificado	INTERNATIONAL REGIONAL SCIENCE REVIEW
artigoEmPeriodico	Jesus Pascual Mena Chalco	2017		Artigos em Periódicos de Acesso Aberto: um Estudo com Pesquisadores Bolsistas de Produtividade do CNPq	RECIIS - Revista Eletrônica de Comunicação, Informação & Inovação em Saúde	LETA, J. ; COSTA, E. H. S. ; MENA-CHALCO, J. P.	Qualis nao identificado	RECIIS - Revista Eletrônica de Comunicação, Informação & Inovação em Saúde
artigoEmPeriodico	Jesus Pascual Mena Chalco	2016	http://dx.doi.org/10.1590/0074-02760150386	The dynamics of Brazilian protozoology over the past century	Memórias do Instituto Oswaldo Cruz (Online)	ELIAS, M. C. ; WINTER, L. M. F. ; MENA-CHALCO, J. P.	Qualis nao identificado	Memórias do Instituto Oswaldo Cruz (Online)
artigoEmPeriodico	Jesus Pascual Mena Chalco	2016	http://dx.doi.org/10.1590/2318-08892016002800006	Exploração da Plataforma Lattes por assunto: proposta de metodologia	Transinformacao	BRITO, ALINE GRASIELE CARDOSO DE ; QUONIAM, LUC ; MENA-CHALCO, JESÚS PASCUAL	Qualis nao identificado	Transinformacao
artigoEmPeriodico	Jesus Pascual Mena Chalco	2016		Funded projects on dengue fever in brazil: use of the scriptlattes tool to support the planning of public health research	Espacios (Caracas)	MOTTA, L. J. ; FERRAZ, R. R. N. ; QUONIAM, L. ; MENA-CHALCO, J. P.	Qualis nao identificado	Espacios (Caracas)
artigoEmPeriodico	Jesus Pascual Mena Chalco	2016	http://dx.doi.org/10.1590/2318-08892016002800002	A ciência nas regiões brasileiras: evolução da produção e das redes de colaboração científica	Transinformacao	SIDONE, OTÁVIO JOSÉ GUERCI ; HADDAD, EDUARDO AMARAL ; MENA-CHALCO, JESÚS PASCUAL	Qualis nao identificado	Transinformacao
artigoEmPeriodico	Jesus Pascual Mena Chalco	2015	http://dx.doi.org/10.1016/j.cag.2015.02.009	Facing the High-dimensions: Inverse Projection with Radial Basis Functions	Computers & Graphics	AMORIM, ELISA ; BRAZIL, EMILIO VITAL ; MENA-CHALCO, JESÚS ; VELHO, LUIZ ; NONATO, LUIS GUSTAVO ; SAMAVATI, FARAMARZ ; SOUSA, MARIO COSTA	B1	
artigoEmPeriodico	Jesus Pascual Mena Chalco	2015	http://dx.doi.org/10.1371/journal.pone.0129065	Analysis of an Advisor-Advisee Relationship: An Exploratory Study of the Area of Exact and Earth Sciences in Brazil	Plos One	TUESTA, E. F. ; DELGADO, K. V. ; MUGNAINI, R. ; DIGIAMPIETRI, L. A. ; MENA-CHALCO, J. P. ; PEREZ-ALCAZAR, J.	A1	
artigoEmPeriodico	Jesus Pascual Mena Chalco	2015	http://dx.doi.org/10.1590/1981-5344/2434	Perfil de produção acadêmica dos programas brasileiros de pós-graduação em Ciência da Informação 2008-2012	Perspectivas em Ciência da Informação (Online)	AUTRAN, M. M. M. ; BORGES, M. M. ; MENA-CHALCO, J. P. ; PINHEIRO, V. G.	B4	Ciência da Informação (Online)
artigoEmPeriodico	Jesus Pascual Mena Chalco	2015	http://dx.doi.org/10.5007/1518-2924.2015v20n43p93	Extração e disponibilização on line de indicadores de desempenho e prospecção dos resultados das pesquisas em dengue com a utilização da ferramenta computacional Scriptlattes	Encontros Bibli	FERRAZ, R. R. ; QUONIAM, L. M. ; PIMENTA, D. N. ; MENA-CHALCO, J. P. ; NIGRO, C. A.	C	
artigoEmPeriodico	Jesus Pascual Mena Chalco	2015		O envelhecimento na sociologia brasileira contemporânea: notas preliminares	Revista Kairós (Online)	PEDRO, W. J. A. ; MENA-CHALCO, J. P.	Qualis nao identificado	Revista Kairós (Online)
artigoEmPeriodico	Jesus Pascual Mena Chalco	2014	http://dx.doi.org/10.1371/journal.pone.0094541	BraX-Ray: An X-Ray of the Brazilian Computer Science Graduate Programs	Plos One	DIGIAMPIETRI, LUCIANO A. ; MENA-CHALCO, JESÚS P. ; VAZ DE MELO, PEDRO O. S. ; MALHEIRO, ANA P. R. ; MEIRA, DÂNIA N. O. ; FRANCO, LARYSSA F. ; OLIVEIRA, LEONARDO B.	A1	
artigoEmPeriodico	Jesus Pascual Mena Chalco	2014	http://dx.doi.org/10.1590/0103-3786201400030002	Comunicação científica no Brasil (1998-2012): indexação, crescimento, fluxo e dispersão	Transinformação	MUGNAINI, R. ; DIGIAMPIETRI, L. A. ; MENA-CHALCO, J. P.	C	
artigoEmPeriodico	Jesus Pascual Mena Chalco	2014		Redes de colaboração acadêmica: Um estudo de caso da produção bibliográfica da UFABC	Revista Interciente	MENA-CHALCO, J. P.; DALPIAN, G. M. ; CAPELLE, K.	Qualis nao identificado	Revista Interciente
artigoEmPeriodico	Jesus Pascual Mena Chalco	2014		Análise macro das últimas atualizações dos Currículos Lattes	Em Questão	DIGIAMPIETRI, L. A. ; MUGNAINI, R. ; MENA-CHALCO, J. P. ; DELGADO, K. V. ; PEREZ-ALCAZAR, J.	Qualis nao identificado	Em Questão
artigoEmPeriodico	Jesus Pascual Mena Chalco	2014	http://dx.doi.org/10.5433/1981-8920.2014v19n3p30	Extração e tratamento de dados na base lattes para identificação de core competencies em dengue	Informação & Informação (UEL. Online)	MAGALHAES, J. L. ; QUONIAM, L. ; MENA-CHALCO, J. P. ; SANTOS, A.	C	
artigoEmPeriodico	Jesus Pascual Mena Chalco	2014	http://dx.doi.org/10.1002/asi.23010	Brazilian bibliometric coauthorship networks	Journal of the Association for Information Science and Technology	MENA-CHALCO, JESÚS PASCUAL ; DIGIAMPIETRI, LUCIANO ANTONIO ; LOPES, Fabrício M. ; CESAR JUNIOR, R. M.	A1	
artigoEmPeriodico	Jesus Pascual Mena Chalco	2012		Perfil de produção acadêmica dos programas brasileiros de pós-graduação em Ciência da Computação nos triênios 2004-2006 e 2007-2009	Em Questão (UFRGS. Impresso)	MENA-CHALCO, J. P.; DIGIAMPIETRI, L. A. ; OLIVEIRA, Leonardo B.	C	
artigoEmPeriodico	Jesus Pascual Mena Chalco	2011	http://dx.doi.org/10.1016/j.entcs.2011.11.031	Robust Range Finder Through a Laser Pointer and a Webcam	Electronic Notes in Theoretical Computer Science	Portugal-Zambrano, Christian E. ; MENA-CHALCO, JESÚS P.	B1	
artigoEmPeriodico	Jesus Pascual Mena Chalco	2009	http://dx.doi.org/10.1590/S0100-879X2009000700008	A Novel Polar-based Human Face Recognition Computational Model	Brazilian Journal of Medical and Biological Research (Impresso)	ZANA, Y. ; MENA-CHALCO, J. P. ; CESAR JUNIOR, R. M.	B2	
artigoEmPeriodico	Jesus Pascual Mena Chalco	2009	http://dx.doi.org/10.1007/s00371-009-0373-x	3D Face Computational Photography Using PCA Spaces	The Visual Computer	Mena-Chalco, Jesús P. ; Macêdo, Ives ; Velho, Luiz ; Cesar, Roberto M.	B1	
artigoEmPeriodico	Jesus Pascual Mena Chalco	2009	http://dx.doi.org/10.1590/S0104-65002009000400004	scriptLattes: an open-source knowledge extraction system from the Lattes platform	Journal of the Brazilian Computer Society (Impresso)	Mena-Chalco, Jesús Pascual ; Cesar Junior, Roberto Marcondes	B2	
artigoEmPeriodico	Jesus Pascual Mena Chalco	2008	http://dx.doi.org/10.1109/TCBB.2007.70259	Identification of protein coding regions using the modified Gabor-wavelet transform	IEEE/ACM Transactions on Computational Biology and Bioinformatics (Print)	MENA-CHALCO, J. P.; CARRER, H. ; ZANA, Y. ; CESAR JUNIOR, R. M.	A2	
trabalhoCompletoEmCongresso	Jesus Pascual Mena Chalco	2017	http://dx.doi.org/10.13140/RG.2.1.5183.8561	Genealogia acadêmica dos doutores atuantes em matemática: um mapeamento macro na ciência brasileira	Congresso Nacional de Matemática Aplicada e Computacional	ROSSI, L. ; FREIRE, I. L. ; DAMACENO, R. J. P. ; MENA-CHALCO, J. P.	B4	
trabalhoCompletoEmCongresso	Jesus Pascual Mena Chalco	2017		Identificação do grafo de genealogia acadêmica de pesquisadores: Uma abordagem baseada na Plataforma Lattes	BRAZILIAN SYMPOSIUM ON DATABASES (SBBD 2017)	DAMACENO, R. J. P. ; ROSSI, L. ; MENA-CHALCO, J. P.	Qualis nao identificado	BRAZILIAN SYMPOSIUM ON DATABASES (SBBD 2017)
trabalhoCompletoEmCongresso	Jesus Pascual Mena Chalco	2017		Identificação da Rede Nacional de Pesquisadores na área de Prevenção de Drogas em Contextos Educacionais	Congresso Internacional Abramd	BERNARDO, J. F. ; PINHEIRO, B. O. ; MENA-CHALCO, J. P. ; MICHELI, D.	Qualis nao identificado	Congresso Internacional Abramd
trabalhoCompletoEmCongresso	Jesus Pascual Mena Chalco	2016	http://dx.doi.org/10.13140/RG.2.1.2416.6008	Caracterização de pesquisadores utilizando indicadores bibliométricos de senioridade e inatividade: um estudo de caso dos Bolsistas de Produtividade 1A-CNPq	5º Encontro Brasileiro de Bibliometria e Cientometria	AKAZAKI, J. M. ; BUENO, L. R. ; MENA-CHALCO, J. P.	Qualis nao identificado	5º Encontro Brasileiro de Bibliometria e Cientometria
trabalhoCompletoEmCongresso	Jesus Pascual Mena Chalco	2016	http://dx.doi.org/10.1145/3033701.3033703	Acessibilidade de Dispositivos Móveis: Mapeamento de Problemas e Estudo de Gestos de Toque	XV Brazilian Symposium on Human Factors in Computer Systems (IHC 2016)	DAMACENO, R. J. P. ; BRAGA, J. C. ; MENA-CHALCO, J. P.	B4	IHC
trabalhoCompletoEmCongresso	Jesus Pascual Mena Chalco	2016		Caracterização das redes de convites de bancas de defesa de teses e dissertações do Brasil	XVII Encontro Nacional de Pesquisa em Pós-Graduação em Ciência da Informação	RAMOS, D. F. S. ; MENA-CHALCO, J. P.	Qualis nao identificado	XVII Encontro Nacional de Pesquisa em Pós-Graduação em Ciência da Informação
trabalhoCompletoEmCongresso	Jesus Pascual Mena Chalco	2015	http://dx.doi.org/10.13140/RG.2.1.3373.4241	Índice-h genealógico expandido: Uma medida de impacto em grafos de orientação acadêmica	Workshop on Social Network Analysis and Mining (BraSNAM 2015)	ROSSI, L. ; MENA-CHALCO, J. P.	Qualis nao identificado	Workshop on Social Network Analysis and Mining (BraSNAM 2015)
trabalhoCompletoEmCongresso	Jesus Pascual Mena Chalco	2015		Scholarly Collaboration in Regional Science in Developing Countries: The Case of the Brazilian REAL Network	XIII Encontro Nacional da Associação Brasileira de Estudos Regionais e Urbanos	HADDAD, E. A. ; MENA-CHALCO, J. P. ; SIDONE, O. J. G.	Qualis nao identificado	XIII Encontro Nacional da Associação Brasileira de Estudos Regionais e Urbanos
trabalhoCompletoEmCongresso	Jesus Pascual Mena Chalco	2015	http://dx.doi.org/10.13140/RG.2.1.3616.9688	A coautoria acadêmica interprogramas da pós-graduação em ciência da informação: Uma análise baseada em métricas em grafos	XVI Encontro Nacional de Pesquisa em Pós-Graduação em Ciência da Informação	AUTRAN, M. M. M. ; BORGES, M. M. ; MENA-CHALCO, J. P.	Qualis nao identificado	XVI Encontro Nacional de Pesquisa em Pós-Graduação em Ciência da Informação
trabalhoCompletoEmCongresso	Jesus Pascual Mena Chalco	2015		O QUALIS/CAPES como indicador qualitativo de comunicação da ciência: análise da produção acadêmica dos programas de pós-graduação em Ciência da Informação	VII Encuentro Ibérico - EDICIC 2015	AUTRAN, M. M. M. ; BORGES, M. M. ; MENA-CHALCO, J. P. ; PINHEIRO, V. G.	Qualis nao identificado	VII Encuentro Ibérico - EDICIC 2015
trabalhoCompletoEmCongresso	Jesus Pascual Mena Chalco	2014	http://dx.doi.org/10.13140/RG.2.1.4159.8569	Caracterização de árvores de genealogia acadêmica por meio de métricas em grafos	Brazilian Workshop on Social Network Analysis and Mining (BraSNAM)	ROSSI, L. ; MENA-CHALCO, J. P.	Qualis nao identificado	Brazilian Workshop on Social Network Analysis and Mining (BraSNAM)
trabalhoCompletoEmCongresso	Jesus Pascual Mena Chalco	2014	http://dx.doi.org/10.13140/RG.2.1.3635.5681	Comunicação científica no Brasil (1998-2012): infraestrutura nacional e internacionalização	XIII Congreso Internacional de Información INFO´2014	MUGNAINI, R. ; DIGIAMPIETRI, L. A. ; MENA-CHALCO, J. P.	Qualis nao identificado	XIII Congreso Internacional de Información INFO´2014
trabalhoCompletoEmCongresso	Jesus Pascual Mena Chalco	2014	http://dx.doi.org/10.13140/RG.2.1.2062.7046	Caracterização do banco de teses e dissertações da CAPES	4º Encontro Brasileiro de Bibliometria e Cientometria - EBBC	MENA-CHALCO, J. P.; ROCHA, V.	Qualis nao identificado	4º Encontro Brasileiro de Bibliometria e Cientometria - EBBC
trabalhoCompletoEmCongresso	Jesus Pascual Mena Chalco	2014	http://dx.doi.org/10.13140/RG.2.1.4290.9283	Análise da atualização dos currículos lattes: Uma análise macro sobre as datas das últimas atualizações dos currículos Lattes	4º Encontro Brasileiro de Bibliometria e Cientometria - EBBC	DIGIAMPIETRI, L. A. ; MUGNAINI, R. ; MENA-CHALCO, J. P. ; DELGADO, K. V. ; PEREZ-ALCAZAR, J.	Qualis nao identificado	4º Encontro Brasileiro de Bibliometria e Cientometria - EBBC
trabalhoCompletoEmCongresso	Jesus Pascual Mena Chalco	2013	http://dx.doi.org/10.13140/RG.2.1.3897.7120	Correlation among the scientific production, supervisions and participation in defense examination committees in the Brazilian physicists community	14th International Society of Scientometrics and Informetrics Conference	MUGNAINI, R. ; DIGIAMPIETRI, L. A. ; MENA-CHALCO, J. P.	Qualis nao identificado	14th International Society of Scientometrics and Informetrics Conference
trabalhoCompletoEmCongresso	Jesus Pascual Mena Chalco	2013	http://dx.doi.org/10.1109/eScience.2013.32	Using Link Prediction to Estimate the Collaborative Influence of Researchers	2013 IEEE 9th International Conference on eScience (eScience)	PEREZ-CERVANTES, EVELYN ; MENA-CHALCO, JESUS P. ; OLIVEIRA, MARIA CRISTINA F. DE ; CESAR, ROBERTO	B1	eScience
trabalhoCompletoEmCongresso	Jesus Pascual Mena Chalco	2012	http://dx.doi.org/10.13140/RG.2.1.2849.1364	Caracterizando as redes de coautoria de currículos Lattes	Brazilian Workshop on Social Network Analysis and Mining (BraSNAM)	MENA-CHALCO, J. P.; DIGIAMPIETRI, L. A. ; CESAR JUNIOR, R. M.	Qualis nao identificado	Brazilian Workshop on Social Network Analysis and Mining (BraSNAM)
trabalhoCompletoEmCongresso	Jesus Pascual Mena Chalco	2012	http://dx.doi.org/10.13140/RG.2.1.1007.8164	Minerando e Caracterizando Dados de Currículos Lattes	Brazilian Workshop on Social Network Analysis and Mining (BraSNAM)	DIGIAMPIETRI, L. A. ; MENA-CHALCO, J. P. ; ALCÁZAR, J. J. P. ; TUESTA, E. F. ; DELGADO, K. V. ; MUGNAINI, R. ; SILVA, G. S.	Qualis nao identificado	Brazilian Workshop on Social Network Analysis and Mining (BraSNAM)
trabalhoCompletoEmCongresso	Jesus Pascual Mena Chalco	2012	http://dx.doi.org/10.13140/RG.2.1.3438.9604	Dinâmica das Relações de Coautoria nos Programas de Pós-Graduação em Computação no Brasil	Brazilian Workshop on Social Network Analysis and Mining (BraSNAM)	DIGIAMPIETRI, L. A. ; MENA-CHALCO, J. P. ; SILVA, G. S. ; OLIVEIRA, L. B. ; MALHEIRO, A. P. R. ; MEIRA, D. N. O.	Qualis nao identificado	Brazilian Workshop on Social Network Analysis and Mining (BraSNAM)
trabalhoCompletoEmCongresso	Jesus Pascual Mena Chalco	2012	http://dx.doi.org/10.13140/RG.2.1.3307.8880	Análise temporal da relação orientador-orientado: um estudo de caso sobre a produtividade dos pesquisadores doutores da área de Ciência da Computação	Brazilian Workshop on Social Network Analysis and Mining (BraSNAM)	TUESTA, E. F. ; DELGADO, K. V. ; DIGIAMPIETRI, L. A. ; ALCÁZAR, J. J. P. ; MUGNAINI, R. ; MENA-CHALCO, J. P.	Qualis nao identificado	Brazilian Workshop on Social Network Analysis and Mining (BraSNAM)
trabalhoCompletoEmCongresso	Jesus Pascual Mena Chalco	2012	http://dx.doi.org/10.13140/RG.2.1.4946.2886	Perfil de Produção Bibliográfica dos Programas Brasileiros de Pós-Graduação em Ciência da Computação	3º Encontro Brasileiro de Bibliometria e Cientometria - EBBC	MENA-CHALCO, J. P.; DIGIAMPIETRI, L. A. ; OLIVEIRA, L. B.	Qualis nao identificado	3º Encontro Brasileiro de Bibliometria e Cientometria - EBBC
trabalhoCompletoEmCongresso	Jesus Pascual Mena Chalco	2012	http://dx.doi.org/10.1109/eScience.2012.6404456	Towards a quantitative academic internationalization assessment of Brazilian research groups	2nd workshop on Analyzing and Improving Collaborative eScience with Social Networks - IEEE eScience - 2012	PEREZ-CERVANTES, EVELYN ; MENA-CHALCO, JESUS P. ; CESAR-JR, ROBERTO M.	B1	eScience
trabalhoCompletoEmCongresso	Jesus Pascual Mena Chalco	2011	http://dx.doi.org/10.1109/ICIP.2011.6115668	3D Facial expression analysis by using 2D and 3D wavelet transforms	18th IEEE International Conference on Image Processing - ICIP 2011	PINTO, S. C. D. ; Mena-Chalco, Jesús P. ; LOPES, Fabrício Martins ; VELHO, L ; Cesar Jr., R.M.	A1	IEEE International Conference on Image Processing
trabalhoCompletoEmCongresso	Jesus Pascual Mena Chalco	2011	http://dx.doi.org/10.13140/RG.2.1.1145.2004	Visualização interativa de redes sociais: um estudo de caso em redes de colaboração científica	Simposio Latinoamericano sobre Computación Gráfica	NASCIMENTO, C. S. ; FREITAS, C. M. D. S. ; GALANTE, R. ; NEDEL, L. ; MENA-CHALCO, J. P.	Qualis nao identificado	Simposio Latinoamericano sobre Computación Gráfica
trabalhoCompletoEmCongresso	Jesus Pascual Mena Chalco	2011	http://dx.doi.org/10.13140/RG.2.1.3963.2482	3D human face reconstruction using principal components spaces	XXIV Sibgrapi ? Conference on Graphics	MENA-CHALCO, J. P.; VELHO, L. ; CESAR JUNIOR, R. M.	Qualis nao identificado	XXIV Sibgrapi ? Conference on Graphics
trabalhoCompletoEmCongresso	Jesus Pascual Mena Chalco	2011	http://dx.doi.org/10.13140/RG.2.1.5011.8246	3D facial animation based on structural registration	XXIV Sibgrapi ? Conference on Graphics	MATTOS, A. B. ; MENA-CHALCO, J. P. ; CESAR JUNIOR, R. M.	Qualis nao identificado	XXIV Sibgrapi ? Conference on Graphics
trabalhoCompletoEmCongresso	Jesus Pascual Mena Chalco	2011	http://dx.doi.org/10.1109/eScienceW.2011.31	Towards automatic discovery of co-authorship networks in the Brazilian academic areas	Workshop On Measuring the Impact of e-Science Research (MeSR 2011) - In Conjunction with 7th IEEE International Conference on e-Science	Mena-Chalco, Jesús Pascual ; Cesar Jr., R.M.	Qualis nao identificado	Workshop On Measuring the Impact of e-Science Research (MeSR 2011) - In Conjunction with 7th IEEE International Conference on e-Science
trabalhoCompletoEmCongresso	Jesus Pascual Mena Chalco	2010	http://dx.doi.org/10.1109/SIBGRAPI.2010.44	3D Linear Facial Animation Based on Real Data	Brazilian Symposium on Computer Graphics and Image Processing SIBGRAPI 2010	MATTOS, A. B. ; Mena-Chalco, Jesús P. ; CESAR JUNIOR, R. M. ; VELHO, L	Qualis nao identificado	Brazilian Symposium on Computer Graphics and Image Processing SIBGRAPI 2010
trabalhoCompletoEmCongresso	Jesus Pascual Mena Chalco	2010	http://dx.doi.org/10.13140/RG.2.1.2852.3368	Detección de huevos helmintos mediante plantillas dinámicas	XXXVIth Latin American Informatics Conference (XXXVI CLEI)	CHUCTAYA, J. ; MENA-CHALCO, J. P. ; BELTRÁN-CASTAÑÓN, C. ; PATIÑO, R. ; HUMPIRE, G. ; RODRIGUEZ, A.	Qualis nao identificado	XXXVIth Latin American Informatics Conference (XXXVI CLEI)
trabalhoCompletoEmCongresso	Jesus Pascual Mena Chalco	2010	http://dx.doi.org/10.1109/SCCC.2010.31	A new approach to detect communities in multi-weighted co-authorship networks	XXIX International Conference of the Chilean Computer Science Society	PEREZ, E. ; MENA-CHALCO, J. P.	B3	International Conference of the Chilean Computer Science Society
trabalhoCompletoEmCongresso	Jesus Pascual Mena Chalco	2009		Estimación de distancias absolutas utilizando un puntero láser y una cámara web	III Simposio Peruano de Computación Gráfica y Procesamiento de Imágenes	PORTUGAL ZAMBRANO, C. ; MENA-CHALCO, J. P.	Qualis nao identificado	III Simposio Peruano de Computación Gráfica y Procesamiento de Imágenes
trabalhoCompletoEmCongresso	Jesus Pascual Mena Chalco	2008	http://dx.doi.org/10.1109/SIBGRAPI.2008.40	PCA-based 3D face photography	Brazilian Symposium on Computer Graphics and Image Processing	MENA-CHALCO, J. P.; MACÊDO, I. ; VELHO, L. ; CESAR JUNIOR, R. M.	Qualis nao identificado	Brazilian Symposium on Computer Graphics and Image Processing
trabalhoCompletoEmCongresso	Jesus Pascual Mena Chalco	2008		Firmas genéticas en secuencias de ADN: un análisis en regiones codificantes y no codificantes de proteínas	II Simposio Peruano de Computación Gráfica y Procesamiento de Imágenes	MEDINA-RODRIGUEZ, R. ; MENA-CHALCO, J. P.	Qualis nao identificado	II Simposio Peruano de Computación Gráfica y Procesamiento de Imágenes
trabalhoCompletoEmCongresso	Jesus Pascual Mena Chalco	2006	http://dx.doi.org/10.1109/FGR.2006.66	Human and Machine Recognition of Fourier-Bessel Filtered Face Images	7th IEEE International Conference on Automatic Face and Gesture Recognition	ZANA, Y. ; CESAR JUNIOR, R. M. ; MENA-CHALCO, J. P.	A1	International Conference on Automatic Face and Gesture Recognition
resumoExpandidoEmCongresso	Jesus Pascual Mena Chalco	2017	O Paradoxo da Amizade em Grafos de Genealogia Acadêmica: Uma Análise Experimental	Congresso Nacional de Matemática Aplicada e Computacional, 2017, São José dos Campos, SP. Congresso Nacional de Matemática Aplicada e Computacional	PAULA, A. S. ; MENA-CHALCO, J. P.	B4	Congresso Nacional de Matemática Aplicada e Computacional
resumoExpandidoEmCongresso	Jesus Pascual Mena Chalco	2015	Leadership among the leaders of the Brazilian research groups in Marine Biotechnology	15th INTERNATIONAL CONFERENCE ON SCIENTOMETRICS and INFORMETRICS, 2015, Turquia. Proceedings of ISSI 2015 Istanbul: 15th International Society of Scientometrics and Informetrics Conference, Istanbul, Turkey	FAUSTO, S. ; MENA-CHALCO, J. P.	Qualis nao identificado	15th INTERNATIONAL CONFERENCE ON SCIENTOMETRICS and INFORMETRICS, 2015, Turquia. Proceedings of ISSI 2015 Istanbul: 15th International Society of Scientometrics and Informetrics Conference, Istanbul, Turkey
resumoExpandidoEmCongresso	Jesus Pascual Mena Chalco	2014	Aos ombros de gigantes: um estudo de genealogia acadêmica dos matemáticos no Brasil	Simpósio de Pesquisa do Grande ABC, 2014, São Bernardo. Simpósio de Pesquisa do Grande ABC	ROSSI, L. ; MENA-CHALCO, J. P.	Qualis nao identificado	Simpósio de Pesquisa do Grande ABC, 2014, São Bernardo. Simpósio de Pesquisa do Grande ABC
resumoExpandidoEmCongresso	Jesus Pascual Mena Chalco	2013	The Dynamics of Multidisciplinary Research Networks - Mining a Public Repository of Scientists CVs	World Social Science Forum 2013 (social transformations and the digital ages), 2013, Canada. World Social Science Forum 2013	MEDEIROS, C. B. ; MENA-CHALCO, J. P.	Qualis nao identificado	World Social Science Forum 2013 (social transformations and the digital ages), 2013, Canada. World Social Science Forum 2013
resumoExpandidoEmCongresso	Jesus Pascual Mena Chalco	2012	Rede de coautoria acadêmica da UFABC	Simpósio de Pesquisa do Grande ABC, 2012, São Paulo. Simpósio de Pesquisa do Grande ABC	MENA-CHALCO, J. P.; CAPELLE, K. ; DALPIAN, G. M.	Qualis nao identificado	Simpósio de Pesquisa do Grande ABC, 2012, São Paulo. Simpósio de Pesquisa do Grande ABC
resumoExpandidoEmCongresso	Jesus Pascual Mena Chalco	2012	Interação acadêmica dos docentes do IME-USP no período 2000-2011	VI Simpósio de Iniciação Científica e Pós-Graduação do IME-USP, 2012, São Paulo. VI Simpósio de Iniciação Científica e Pós-Graduação do IME-USP	PEREZ-CERVANTES, E. ; MENA-CHALCO, J. P. ; CESAR JUNIOR, R. M.	Qualis nao identificado	VI Simpósio de Iniciação Científica e Pós-Graduação do IME-USP, 2012, São Paulo. VI Simpósio de Iniciação Científica e Pós-Graduação do IME-USP
resumoExpandidoEmCongresso	Jesus Pascual Mena Chalco	2011	Rede colaborativa dos pesquisadores dos programas de pós-graduação em fonoaudiologia no Brasil	XII Encontro Nacional de Pesquisa em Ciência da Informação, 2011, Brasília. XII Encontro Nacional de Pesquisa em Ciência da Informação	DANUELLO, J. C. ; MENA-CHALCO, J. P. ; OLIVEIRA, E. F. T.	Qualis nao identificado	XII Encontro Nacional de Pesquisa em Ciência da Informação, 2011, Brasília. XII Encontro Nacional de Pesquisa em Ciência da Informação
resumoExpandidoEmCongresso	Jesus Pascual Mena Chalco	2010	Preliminary results on 3D facial expression analysis using 2D and 3D wavelet transforms	23rd Brazilian Symposium on Computer Graphics and Image Processing SIBGRAPI 2010, 2010, Gramado. 23rd Brazilian Symposium on Computer Graphics and Image Processing SIBGRAPI 2010, Conference Proceedings	PINTO, S. C. D. ; MENA-CHALCO, J. P. ; LOPES, F. M. ; CESAR JUNIOR, R. M.	Qualis nao identificado	23rd Brazilian Symposium on Computer Graphics and Image Processing SIBGRAPI 2010, 2010, Gramado. 23rd Brazilian Symposium on Computer Graphics and Image Processing SIBGRAPI 2010, Conference Proceedings
resumoExpandidoEmCongresso	Jesus Pascual Mena Chalco	2004	Bioinformatics Tools for Assembling and Analysis of Chloroplast Genomes	International Conference on Bioinformatics and Computational Biology, 2004, Angra dos Reis. Proc. International Conference on Bioinformatics and Computational Biology	MENA-CHALCO, J. P.; ALVES, H. S. ; CARRER, H. ; CESAR JUNIOR, R. M.	B4	International Conference on Bioinformatics and Computational Biology
trabalhoCompletoEmCongresso	Andrea Britto Mattos	2014	http://dx.doi.org/10.1145/2596695.2596707	Marker-based image recognition of dynamic content for the visually impaired	the 11th Web for All Conference	MATTOS, ANDRÉA BRITTO; CARDONHA, CARLOS ; GALLO, DIEGO ; AVEGLIANO, PRISCILLA ; HERRMANN, RICARDO ; BORGER, SERGIO	Qualis nao identificado	the 11th Web for All Conference
trabalhoCompletoEmCongresso	Andrea Britto Mattos	2014		A Mission-Oriented Citizen Science Platform for Efficient Flower Classification Based on Combination of Feature Descriptors	International Workshop on Environmental Multimedia Retrieval 2014	MATTOS, A. B.; HERRMANN, R. G. ; SHIGENO, K. K. ; FERIS, R. S.	Qualis nao identificado	International Workshop on Environmental Multimedia Retrieval 2014
trabalhoCompletoEmCongresso	Andrea Britto Mattos	2012		E-commerce Market Analysis from a Graph-Based Product Classifier	Computational Processing of the Portuguese Language	MATTOS, A. B.; KAMPEN, M. V. ; CARRICO, C. ; CRIVELLARO, A.	Qualis nao identificado	Computational Processing of the Portuguese Language
trabalhoCompletoEmCongresso	Andrea Britto Mattos	2011	http://dx.doi.org/10.13140/RG.2.1.5011.8246	3D facial animation based on structural registration	XXIV Sibgrapi ? Conference on Graphics	MATTOS, A. B. ; MENA-CHALCO, J. P. ; CESAR JUNIOR, R. M.	Qualis nao identificado	XXIV Sibgrapi ? Conference on Graphics
trabalhoCompletoEmCongresso	Andrea Britto Mattos	2011		Computer vision research at IBOPE Media automation tools to reduce human intervention	XXIV Sibgrapi (Conference on Graphics	MATTOS, A. B.; MONTAGNER, I. ; CRIVELLARO, A. ; KLAVA, B. ; BRUN, M.	Qualis nao identificado	XXIV Sibgrapi (Conference on Graphics
trabalhoCompletoEmCongresso	Andrea Britto Mattos	2010	http://dx.doi.org/10.1109/SIBGRAPI.2010.44	3D Linear Facial Animation Based on Real Data	Brazilian Symposium on Computer Graphics and Image Processing SIBGRAPI 2010	MATTOS, A. B. ; Mena-Chalco, Jesús P. ; CESAR JUNIOR, R. M. ; VELHO, L	Qualis nao identificado	Brazilian Symposium on Computer Graphics and Image Processing SIBGRAPI 2010
resumoExpandidoEmCongresso	Andrea Britto Mattos	2014	Flower Classification for a Citizen Science Mobile App	International Conference, 2014	MATTOS, ANDRÉA BRITTO; HERRMANN, RICARDO GUIMARÃES ; SHIGENO, KELLY KIYUMI ; FERIS, ROGERIO SCHMIDT	Qualis nao identificado	International Conference, 2014
resumoExpandidoEmCongresso	Andrea Britto Mattos	2014	Marker-assisted recognition of dynamic content in public spaces	the 11th Web for All Conference, 2014	MATTOS, ANDRÉA BRITTO; HERRMANN, RICARDO ; CARDONHA, CARLOS ; GALLO, DIEGO ; AVEGLIANO, PRISCILLA ; BORGER, SERGIO	Qualis nao identificado	the 11th Web for All Conference, 2014
resumoExpandidoEmCongresso	Andrea Britto Mattos	2014	Shelf replenishment optimization towards the confluence of mobile and analytics	INFORMS, 2014, Boston. 14th Annual Conference on Business Analytics	AVEGLIANO, P. ; CARDONHA, C. ; MATTOS, A. B. ; BORGER, S.	Qualis nao identificado	INFORMS, 2014, Boston. 14th Annual Conference on Business Analytics
resumoExpandidoEmCongresso	Andrea Britto Mattos	2009	3D facial animation based on structural registration	Brazilian Symposium on Computer Graphics and Image Processing SIBGRAPI 2009, 2009, Rio de Janeiro. Brazilian Symposium on Computer Graphics and Image Processing, Conference Proceedings, 2009	MATTOS, A. B.; CESAR JUNIOR, R. M.	Qualis nao identificado	Brazilian Symposium on Computer Graphics and Image Processing SIBGRAPI 2009, 2009, Rio de Janeiro. Brazilian Symposium on Computer Graphics and Image Processing, Conference Proceedings, 2009
